<?xml version="1.0" encoding="UTF-8"?>
<GenRun Id="impl_1" LaunchPart="xc7a35tcpg236-1" LaunchTime="1705453196">
  <File Type="ROUTE-PWR" Name="AddSubDisplayControl_power_routed.rpt"/>
  <File Type="PA-TCL" Name="AddSubDisplayControl.tcl"/>
  <File Type="BITSTR-BMM" Name="AddSubDisplayControl_bd.bmm"/>
  <File Type="ROUTE-PWR-SUM" Name="AddSubDisplayControl_power_summary_routed.pb"/>
  <File Type="REPORTS-TCL" Name="AddSubDisplayControl_reports.tcl"/>
  <File Type="OPT-DCP" Name="AddSubDisplayControl_opt.dcp"/>
  <File Type="OPT-DRC" Name="AddSubDisplayControl_drc_opted.rpt"/>
  <File Type="OPT-HWDEF" Name="AddSubDisplayControl.hwdef"/>
  <File Type="PWROPT-DCP" Name="AddSubDisplayControl_pwropt.dcp"/>
  <File Type="PLACE-DCP" Name="AddSubDisplayControl_placed.dcp"/>
  <File Type="PLACE-IO" Name="AddSubDisplayControl_io_placed.rpt"/>
  <File Type="PLACE-UTIL" Name="AddSubDisplayControl_utilization_placed.rpt"/>
  <File Type="PLACE-UTIL-PB" Name="AddSubDisplayControl_utilization_placed.pb"/>
  <File Type="PLACE-CTRL" Name="AddSubDisplayControl_control_sets_placed.rpt"/>
  <File Type="PLACE-PRE-SIMILARITY" Name="AddSubDisplayControl_incremental_reuse_pre_placed.rpt"/>
  <File Type="BG-BGN" Name="AddSubDisplayControl.bgn"/>
  <File Type="POSTPLACE-PWROPT-DCP" Name="AddSubDisplayControl_postplace_pwropt.dcp"/>
  <File Type="BG-BIN" Name="AddSubDisplayControl.bin"/>
  <File Type="PHYSOPT-DCP" Name="AddSubDisplayControl_physopt.dcp"/>
  <File Type="BITSTR-MSK" Name="AddSubDisplayControl.msk"/>
  <File Type="ROUTE-ERROR-DCP" Name="AddSubDisplayControl_routed_error.dcp"/>
  <File Type="ROUTE-DCP" Name="AddSubDisplayControl_routed.dcp"/>
  <File Type="ROUTE-BLACKBOX-DCP" Name="AddSubDisplayControl_routed_bb.dcp"/>
  <File Type="ROUTE-DRC" Name="AddSubDisplayControl_drc_routed.rpt"/>
  <File Type="ROUTE-DRC-PB" Name="AddSubDisplayControl_drc_routed.pb"/>
  <File Type="ROUTE-DRC-RPX" Name="AddSubDisplayControl_drc_routed.rpx"/>
  <File Type="BITSTR-LTX" Name="AddSubDisplayControl.ltx"/>
  <File Type="ROUTE-METHODOLOGY-DRC" Name="AddSubDisplayControl_methodology_drc_routed.rpt"/>
  <File Type="BITSTR-MMI" Name="AddSubDisplayControl.mmi"/>
  <File Type="ROUTE-METHODOLOGY-DRC-RPX" Name="AddSubDisplayControl_methodology_drc_routed.rpx"/>
  <File Type="ROUTE-METHODOLOGY-DRC-PB" Name="AddSubDisplayControl_methodology_drc_routed.pb"/>
  <File Type="BITSTR-SYSDEF" Name="AddSubDisplayControl.sysdef"/>
  <File Type="ROUTE-PWR-RPX" Name="AddSubDisplayControl_power_routed.rpx"/>
  <File Type="ROUTE-STATUS" Name="AddSubDisplayControl_route_status.rpt"/>
  <File Type="ROUTE-STATUS-PB" Name="AddSubDisplayControl_route_status.pb"/>
  <File Type="ROUTE-TIMINGSUMMARY" Name="AddSubDisplayControl_timing_summary_routed.rpt"/>
  <File Type="ROUTE-TIMING-PB" Name="AddSubDisplayControl_timing_summary_routed.pb"/>
  <File Type="ROUTE-TIMING-RPX" Name="AddSubDisplayControl_timing_summary_routed.rpx"/>
  <File Type="ROUTE-CLK" Name="AddSubDisplayControl_clock_utilization_routed.rpt"/>
  <File Type="ROUTE-BUS-SKEW" Name="AddSubDisplayControl_bus_skew_routed.rpt"/>
  <File Type="ROUTE-BUS-SKEW-PB" Name="AddSubDisplayControl_bus_skew_routed.pb"/>
  <File Type="ROUTE-BUS-SKEW-RPX" Name="AddSubDisplayControl_bus_skew_routed.rpx"/>
  <File Type="POSTROUTE-PHYSOPT-DCP" Name="AddSubDisplayControl_postroute_physopt.dcp"/>
  <File Type="POSTROUTE-PHYSOPT-BLACKBOX-DCP" Name="AddSubDisplayControl_postroute_physopt_bb.dcp"/>
  <File Type="BG-BIT" Name="AddSubDisplayControl.bit"/>
  <File Type="BITSTR-RBT" Name="AddSubDisplayControl.rbt"/>
  <File Type="BITSTR-NKY" Name="AddSubDisplayControl.nky"/>
  <File Type="BG-DRC" Name="AddSubDisplayControl.drc"/>
  <File Type="RDI-RDI" Name="AddSubDisplayControl.vdi"/>
  <File Type="WBT-USG" Name="usage_statistics_webtalk.html"/>
  <FileSet Name="sources" Type="DesignSrcs" RelSrcDir="$PSRCDIR/sources_1">
    <Filter Type="Srcs"/>
    <File Path="$PSRCDIR/sources_1/new/Add8.v">
      <FileInfo>
        <Attr Name="ImportPath" Val="$PPRDIR/../../../../../../../../Desktop/project_2/project_2.srcs/sources_1/new/Add8.v"/>
        <Attr Name="ImportTime" Val="1705449519"/>
        <Attr Name="UsedIn" Val="synthesis"/>
        <Attr Name="UsedIn" Val="implementation"/>
        <Attr Name="UsedIn" Val="simulation"/>
      </FileInfo>
    </File>
    <File Path="$PSRCDIR/sources_1/new/AddSub8.v">
      <FileInfo>
        <Attr Name="ImportPath" Val="$PPRDIR/../../../../../../../../Desktop/project_2/project_2.srcs/sources_1/new/AddSub8.v"/>
        <Attr Name="ImportTime" Val="1705453521"/>
        <Attr Name="UsedIn" Val="synthesis"/>
        <Attr Name="UsedIn" Val="implementation"/>
        <Attr Name="UsedIn" Val="simulation"/>
      </FileInfo>
    </File>
    <File Path="$PSRCDIR/sources_1/new/FullAdder.v">
      <FileInfo>
        <Attr Name="ImportPath" Val="$PPRDIR/../../../../../../../../Desktop/project_2/project_2.srcs/sources_1/new/FullAdder.v"/>
        <Attr Name="ImportTime" Val="1705449576"/>
        <Attr Name="UsedIn" Val="synthesis"/>
        <Attr Name="UsedIn" Val="implementation"/>
        <Attr Name="UsedIn" Val="simulation"/>
      </FileInfo>
    </File>
    <File Path="$PSRCDIR/sources_1/new/Hex7Seg.v">
      <FileInfo>
        <Attr Name="ImportPath" Val="$PPRDIR/../../../../../../../../Desktop/project_2/project_2.srcs/sources_1/new/Hex7Seg.v"/>
        <Attr Name="ImportTime" Val="1705449666"/>
        <Attr Name="UsedIn" Val="synthesis"/>
        <Attr Name="UsedIn" Val="implementation"/>
        <Attr Name="UsedIn" Val="simulation"/>
      </FileInfo>
    </File>
    <File Path="$PSRCDIR/sources_1/new/Multiplexer2To1_8bit.v">
      <FileInfo>
        <Attr Name="ImportPath" Val="$PPRDIR/../../../../../../../../Desktop/project_2/project_2.srcs/sources_1/new/Multiplexer2To1_8bit.v"/>
        <Attr Name="ImportTime" Val="1705453131"/>
        <Attr Name="UsedIn" Val="synthesis"/>
        <Attr Name="UsedIn" Val="implementation"/>
        <Attr Name="UsedIn" Val="simulation"/>
      </FileInfo>
    </File>
    <File Path="$PSRCDIR/sources_1/imports/Desktop/lab2_digsel.v">
      <FileInfo>
        <Attr Name="ImportPath" Val="$PPRDIR/../../../../../../../../Desktop/lab2_digsel.v"/>
        <Attr Name="ImportTime" Val="1705442910"/>
        <Attr Name="UsedIn" Val="synthesis"/>
        <Attr Name="UsedIn" Val="implementation"/>
        <Attr Name="UsedIn" Val="simulation"/>
      </FileInfo>
    </File>
    <File Path="$PSRCDIR/sources_1/new/AddSubDisplayControl.v">
      <FileInfo>
        <Attr Name="ImportPath" Val="$PPRDIR/../../../../../../../../Desktop/project_2/project_2.srcs/sources_1/new/AddSubDisplayControl.v"/>
        <Attr Name="ImportTime" Val="1705453619"/>
        <Attr Name="UsedIn" Val="synthesis"/>
        <Attr Name="UsedIn" Val="implementation"/>
        <Attr Name="UsedIn" Val="simulation"/>
      </FileInfo>
    </File>
    <Config>
      <Option Name="DesignMode" Val="RTL"/>
      <Option Name="TopModule" Val="AddSubDisplayControl"/>
      <Option Name="TopAutoSet" Val="TRUE"/>
    </Config>
  </FileSet>
  <FileSet Name="constrs_in" Type="Constrs" RelSrcDir="$PSRCDIR/constrs_1">
    <Filter Type="Constrs"/>
    <File Path="$PSRCDIR/constrs_1/imports/Desktop/Basys3_Master.xdc">
      <FileInfo>
        <Attr Name="ImportPath" Val="$PPRDIR/../../../../../../../../Desktop/Basys3_Master.xdc"/>
        <Attr Name="ImportTime" Val="1705442905"/>
        <Attr Name="UsedIn" Val="synthesis"/>
        <Attr Name="UsedIn" Val="implementation"/>
      </FileInfo>
    </File>
    <Config>
      <Option Name="ConstrsType" Val="XDC"/>
    </Config>
  </FileSet>
  <FileSet Name="utils" Type="Utils" RelSrcDir="$PSRCDIR/utils_1">
    <Filter Type="Utils"/>
    <Config>
      <Option Name="TopAutoSet" Val="TRUE"/>
    </Config>
  </FileSet>
  <Strategy Version="1" Minor="2">
    <StratHandle Name="Vivado Implementation Defaults" Flow="Vivado Implementation 2019"/>
    <Step Id="init_design"/>
    <Step Id="opt_design"/>
    <Step Id="power_opt_design"/>
    <Step Id="place_design"/>
    <Step Id="post_place_power_opt_design"/>
    <Step Id="phys_opt_design"/>
    <Step Id="route_design"/>
    <Step Id="post_route_phys_opt_design"/>
    <Step Id="write_bitstream"/>
  </Strategy>
</GenRun>
